Data as of,Start Date,End Date,State,Indicator,Non-Hispanic White,Non-Hispanic Black or African American,Non-Hispanic American Indian or Alaska Native,Non-Hispanic Asian,Non-Hispanic Native Hawaiian or Other Pacific Islander,Hispanic or Latino,Other,Footnote
01/27/2021,01/01/2020,01/23/2021,United States,Count of COVID-19 deaths,218211,56144,4091,12966,626,64674,2640,
01/27/2021,01/01/2020,01/23/2021,United States,Distribution of COVID-19 deaths (%),60.7,15.6,1.1,3.6,0.2,18,0.7,
01/27/2021,01/01/2020,01/23/2021,United States,Unweighted distribution of population (%),60.1,12.5,0.7,5.8,0.2,18.5,2.2,
01/27/2021,01/01/2020,01/23/2021,United States,Weighted distribution of population (%),41.2,14.3,0.4,9.6,0.2,32.3,2,
01/27/2021,01/01/2020,01/23/2021,Alabama,Count of COVID-19 deaths,4398,1893,11,29,,131,10,One or more data cells have counts between 1-9 and have been suppressed in accordance with NCHS confidentiality standards.
01/27/2021,01/01/2020,01/23/2021,Alabama,Distribution of COVID-19 deaths (%),67.9,29.2,0.2,0.4,,2,0.2,One or more data cells have counts between 1-9 and have been suppressed in accordance with NCHS confidentiality standards.
01/27/2021,01/01/2020,01/23/2021,Alabama,Unweighted distribution of population (%),65.3,26.5,0.6,1.5,0.1,4.6,1.6,
01/27/2021,01/01/2020,01/23/2021,Alabama,Weighted distribution of population (%),55.9,36.1,0.4,1.9,0,4.1,1.5,
01/27/2021,01/01/2020,01/23/2021,Alaska,Count of COVID-19 deaths,76,,74,23,13,,,One or more data cells have counts between 1-9 and have been suppressed in accordance with NCHS confidentiality standards.
01/27/2021,01/01/2020,01/23/2021,Alaska,Distribution of COVID-19 deaths (%),36.9,,35.9,11.2,6.3,,,One or more data cells have counts between 1-9 and have been suppressed in accordance with NCHS confidentiality standards.
01/27/2021,01/01/2020,01/23/2021,Alaska,Unweighted distribution of population (%),60.8,3.3,13.9,6.4,1.4,7.3,6.8,
01/27/2021,01/01/2020,01/23/2021,Alaska,Weighted distribution of population (%),59,5,8.4,8.9,2.4,9,7.3,
01/27/2021,01/01/2020,01/23/2021,Arizona,Count of COVID-19 deaths,4558,284,1072,159,24,2925,187,
01/27/2021,01/01/2020,01/23/2021,Arizona,Distribution of COVID-19 deaths (%),49.5,3.1,11.6,1.7,0.3,31.8,2,
01/27/2021,01/01/2020,01/23/2021,Arizona,Unweighted distribution of population (%),54.1,4.5,3.9,3.4,0.2,31.7,2.1,
01/27/2021,01/01/2020,01/23/2021,Arizona,Weighted distribution of population (%),54.4,5.4,1.8,4.2,0.2,31.8,2.2,
01/27/2021,01/01/2020,01/23/2021,Arkansas,Count of COVID-19 deaths,3107,527,26,31,55,164,13,
01/27/2021,01/01/2020,01/23/2021,Arkansas,Distribution of COVID-19 deaths (%),79.2,13.4,0.7,0.8,1.4,4.2,0.3,
01/27/2021,01/01/2020,01/23/2021,Arkansas,Unweighted distribution of population (%),72,15.4,0.8,1.6,0.4,7.8,2,
01/27/2021,01/01/2020,01/23/2021,Arkansas,Weighted distribution of population (%),64,21,0.7,2.4,0.5,9.3,2.2,
01/27/2021,01/01/2020,01/23/2021,California,Count of COVID-19 deaths,9831,1920,125,3607,149,13650,239,
01/27/2021,01/01/2020,01/23/2021,California,Distribution of COVID-19 deaths (%),33.3,6.5,0.4,12.2,0.5,46.2,0.8,
01/27/2021,01/01/2020,01/23/2021,California,Unweighted distribution of population (%),36.5,5.6,0.4,14.9,0.4,39.4,2.8,
01/27/2021,01/01/2020,01/23/2021,California,Weighted distribution of population (%),28.9,7.2,0.2,14.7,0.3,46.4,2.3,
01/27/2021,01/01/2020,01/23/2021,Colorado,Count of COVID-19 deaths,3160,221,55,165,16,1224,40,
01/27/2021,01/01/2020,01/23/2021,Colorado,Distribution of COVID-19 deaths (%),64.7,4.5,1.1,3.4,0.3,25.1,0.8,
01/27/2021,01/01/2020,01/23/2021,Colorado,Unweighted distribution of population (%),67.7,4.1,0.6,3.3,0.1,21.8,2.3,
01/27/2021,01/01/2020,01/23/2021,Colorado,Weighted distribution of population (%),64.1,5.5,0.5,3.9,0.2,23.3,2.6,
01/27/2021,01/01/2020,01/23/2021,Connecticut,Count of COVID-19 deaths,4057,766,,69,0,536,36,One or more data cells have counts between 1-9 and have been suppressed in accordance with NCHS confidentiality standards.
01/27/2021,01/01/2020,01/23/2021,Connecticut,Distribution of COVID-19 deaths (%),74.2,14,,1.3,0,9.8,0.7,One or more data cells have counts between 1-9 and have been suppressed in accordance with NCHS confidentiality standards.
01/27/2021,01/01/2020,01/23/2021,Connecticut,Unweighted distribution of population (%),65.9,10.3,0.2,4.8,0,16.9,1.8,
01/27/2021,01/01/2020,01/23/2021,Connecticut,Weighted distribution of population (%),61.4,12.2,0.2,5.3,0,19.2,1.7,
01/27/2021,01/01/2020,01/23/2021,Delaware,Count of COVID-19 deaths,566,185,,,0,40,,One or more data cells have counts between 1-9 and have been suppressed in accordance with NCHS confidentiality standards.
01/27/2021,01/01/2020,01/23/2021,Delaware,Distribution of COVID-19 deaths (%),70.4,23,,,0,5,,One or more data cells have counts between 1-9 and have been suppressed in accordance with NCHS confidentiality standards.
01/27/2021,01/01/2020,01/23/2021,Delaware,Unweighted distribution of population (%),61.7,22,0.3,4,0,9.6,2.3,
01/27/2021,01/01/2020,01/23/2021,Delaware,Weighted distribution of population (%),60.6,22.4,0.3,4.5,0,9.9,2.2,
01/27/2021,01/01/2020,01/23/2021,District of Columbia,Count of COVID-19 deaths,125,654,,16,0,149,,One or more data cells have counts between 1-9 and have been suppressed in accordance with NCHS confidentiality standards.
01/27/2021,01/01/2020,01/23/2021,District of Columbia,Distribution of COVID-19 deaths (%),13.2,68.8,,1.7,0,15.7,,One or more data cells have counts between 1-9 and have been suppressed in accordance with NCHS confidentiality standards.
01/27/2021,01/01/2020,01/23/2021,District of Columbia,Unweighted distribution of population (%),37.5,44.4,0.2,4.3,0,11.3,2.3,
01/27/2021,01/01/2020,01/23/2021,District of Columbia,Weighted distribution of population (%),37.5,44.4,0.2,4.3,0,11.3,2.3,
01/27/2021,01/01/2020,01/23/2021,Florida,Count of COVID-19 deaths,11507,3833,30,303,,5628,64,One or more data cells have counts between 1-9 and have been suppressed in accordance with NCHS confidentiality standards.
01/27/2021,01/01/2020,01/23/2021,Florida,Distribution of COVID-19 deaths (%),53.8,17.9,0.1,1.4,,26.3,0.3,One or more data cells have counts between 1-9 and have been suppressed in accordance with NCHS confidentiality standards.
01/27/2021,01/01/2020,01/23/2021,Florida,Unweighted distribution of population (%),53.2,15.5,0.3,2.8,0.1,26.4,1.7,
01/27/2021,01/01/2020,01/23/2021,Florida,Weighted distribution of population (%),35.4,17.7,0.2,2.7,0,42.7,1.3,
01/27/2021,01/01/2020,01/23/2021,Georgia,Count of COVID-19 deaths,5353,3511,,165,,598,16,One or more data cells have counts between 1-9 and have been suppressed in accordance with NCHS confidentiality standards.
01/27/2021,01/01/2020,01/23/2021,Georgia,Distribution of COVID-19 deaths (%),55.4,36.4,,1.7,,6.2,0.2,One or more data cells have counts between 1-9 and have been suppressed in accordance with NCHS confidentiality standards.
01/27/2021,01/01/2020,01/23/2021,Georgia,Unweighted distribution of population (%),52,31.6,0.2,4.3,0.1,9.9,1.9,
01/27/2021,01/01/2020,01/23/2021,Georgia,Weighted distribution of population (%),42.8,37.7,0.2,6.4,0,10.9,2,
01/27/2021,01/01/2020,01/23/2021,Hawaii,Count of COVID-19 deaths,31,,,183,85,21,34,One or more data cells have counts between 1-9 and have been suppressed in accordance with NCHS confidentiality standards.
01/27/2021,01/01/2020,01/23/2021,Hawaii,Distribution of COVID-19 deaths (%),8.7,,,51.3,23.8,5.9,9.5,One or more data cells have counts between 1-9 and have been suppressed in accordance with NCHS confidentiality standards.
01/27/2021,01/01/2020,01/23/2021,Hawaii,Unweighted distribution of population (%),21.7,2,0.2,36.4,9.4,10.7,19.7,
01/27/2021,01/01/2020,01/23/2021,Hawaii,Weighted distribution of population (%),18.4,2.5,0.2,40.9,9,10.1,18.9,
01/27/2021,01/01/2020,01/23/2021,Idaho,Count of COVID-19 deaths,1229,,25,16,,157,,One or more data cells have counts between 1-9 and have been suppressed in accordance with NCHS confidentiality standards.
01/27/2021,01/01/2020,01/23/2021,Idaho,Distribution of COVID-19 deaths (%),85.3,,1.7,1.1,,10.9,,One or more data cells have counts between 1-9 and have been suppressed in accordance with NCHS confidentiality standards.
01/27/2021,01/01/2020,01/23/2021,Idaho,Unweighted distribution of population (%),81.6,0.8,1.1,1.4,0.2,12.8,2.1,
01/27/2021,01/01/2020,01/23/2021,Idaho,Weighted distribution of population (%),82.5,1,0.7,2.1,0.2,11.2,2.4,
01/27/2021,01/01/2020,01/23/2021,Illinois,Count of COVID-19 deaths,9901,2832,15,601,,2694,90,One or more data cells have counts between 1-9 and have been suppressed in accordance with NCHS confidentiality standards.
01/27/2021,01/01/2020,01/23/2021,Illinois,Distribution of COVID-19 deaths (%),61.3,17.5,0.1,3.7,,16.7,0.6,One or more data cells have counts between 1-9 and have been suppressed in accordance with NCHS confidentiality standards.
01/27/2021,01/01/2020,01/23/2021,Illinois,Unweighted distribution of population (%),60.8,14.1,0.2,5.8,0,17.5,1.7,
01/27/2021,01/01/2020,01/23/2021,Illinois,Weighted distribution of population (%),43.5,22,0.1,7.7,0,25,1.6,
01/27/2021,01/01/2020,01/23/2021,Indiana,Count of COVID-19 deaths,7497,937,12,77,,340,14,One or more data cells have counts between 1-9 and have been suppressed in accordance with NCHS confidentiality standards.
01/27/2021,01/01/2020,01/23/2021,Indiana,Distribution of COVID-19 deaths (%),84.4,10.5,0.1,0.9,,3.8,0.2,One or more data cells have counts between 1-9 and have been suppressed in accordance with NCHS confidentiality standards.
01/27/2021,01/01/2020,01/23/2021,Indiana,Unweighted distribution of population (%),78.4,9.6,0.2,2.5,0,7.3,1.9,
01/27/2021,01/01/2020,01/23/2021,Indiana,Weighted distribution of population (%),62.7,20.6,0.2,3.3,0,10.7,2.4,
01/27/2021,01/01/2020,01/23/2021,Iowa,Count of COVID-19 deaths,4228,123,26,57,12,136,,One or more data cells have counts between 1-9 and have been suppressed in accordance with NCHS confidentiality standards.
01/27/2021,01/01/2020,01/23/2021,Iowa,Distribution of COVID-19 deaths (%),92.1,2.7,0.6,1.2,0.3,3,,One or more data cells have counts between 1-9 and have been suppressed in accordance with NCHS confidentiality standards.
01/27/2021,01/01/2020,01/23/2021,Iowa,Unweighted distribution of population (%),85,3.9,0.3,2.6,0.1,6.3,1.7,
01/27/2021,01/01/2020,01/23/2021,Iowa,Weighted distribution of population (%),79.6,6.3,0.3,3.9,0.1,7.5,2.2,
01/27/2021,01/01/2020,01/23/2021,Kansas,Count of COVID-19 deaths,2833,197,39,44,,287,40,One or more data cells have counts between 1-9 and have been suppressed in accordance with NCHS confidentiality standards.
01/27/2021,01/01/2020,01/23/2021,Kansas,Distribution of COVID-19 deaths (%),82.3,5.7,1.1,1.3,,8.3,1.2,One or more data cells have counts between 1-9 and have been suppressed in accordance with NCHS confidentiality standards.
01/27/2021,01/01/2020,01/23/2021,Kansas,Unweighted distribution of population (%),75.4,5.7,0.8,3.1,0.1,12.2,2.6,
01/27/2021,01/01/2020,01/23/2021,Kansas,Weighted distribution of population (%),71.6,7.6,0.6,4.5,0.1,12.9,2.8,
01/27/2021,01/01/2020,01/23/2021,Kentucky,Count of COVID-19 deaths,3314,361,,22,,88,,One or more data cells have counts between 1-9 and have been suppressed in accordance with NCHS confidentiality standards.
01/27/2021,01/01/2020,01/23/2021,Kentucky,Distribution of COVID-19 deaths (%),87.4,9.5,,0.6,,2.3,,One or more data cells have counts between 1-9 and have been suppressed in accordance with NCHS confidentiality standards.
01/27/2021,01/01/2020,01/23/2021,Kentucky,Unweighted distribution of population (%),84.1,8.2,0.2,1.6,0.1,3.9,1.9,
01/27/2021,01/01/2020,01/23/2021,Kentucky,Weighted distribution of population (%),69.8,19,0.1,2.9,0.1,5.7,2.3,
01/27/2021,01/01/2020,01/23/2021,Louisiana,Count of COVID-19 deaths,3654,2777,22,44,,184,10,One or more data cells have counts between 1-9 and have been suppressed in accordance with NCHS confidentiality standards.
01/27/2021,01/01/2020,01/23/2021,Louisiana,Distribution of COVID-19 deaths (%),54.6,41.5,0.3,0.7,,2.7,0.1,One or more data cells have counts between 1-9 and have been suppressed in accordance with NCHS confidentiality standards.
01/27/2021,01/01/2020,01/23/2021,Louisiana,Unweighted distribution of population (%),58.4,32.3,0.7,1.8,0,5.3,1.5,
01/27/2021,01/01/2020,01/23/2021,Louisiana,Weighted distribution of population (%),50.8,37.6,0.4,2.7,0,6.9,1.5,
01/27/2021,01/01/2020,01/23/2021,Maine,Count of COVID-19 deaths,486,,,0,0,,,One or more data cells have counts between 1-9 and have been suppressed in accordance with NCHS confidentiality standards.
01/27/2021,01/01/2020,01/23/2021,Maine,Distribution of COVID-19 deaths (%),96.8,,,0,0,,,One or more data cells have counts between 1-9 and have been suppressed in accordance with NCHS confidentiality standards.
01/27/2021,01/01/2020,01/23/2021,Maine,Unweighted distribution of population (%),93,1.6,0.7,1.3,0,1.8,1.7,
01/27/2021,01/01/2020,01/23/2021,Maine,Weighted distribution of population (%),91.6,2.3,0.5,1.8,0,1.9,1.8,
01/27/2021,01/01/2020,01/23/2021,Maryland,Count of COVID-19 deaths,3313,2422,,242,0,641,22,One or more data cells have counts between 1-9 and have been suppressed in accordance with NCHS confidentiality standards.
01/27/2021,01/01/2020,01/23/2021,Maryland,Distribution of COVID-19 deaths (%),49.8,36.4,,3.6,0,9.6,0.3,One or more data cells have counts between 1-9 and have been suppressed in accordance with NCHS confidentiality standards.
01/27/2021,01/01/2020,01/23/2021,Maryland,Unweighted distribution of population (%),50,29.9,0.2,6.6,0.1,10.6,2.5,
01/27/2021,01/01/2020,01/23/2021,Maryland,Weighted distribution of population (%),41.3,33.7,0.2,8.6,0,13.7,2.4,
01/27/2021,01/01/2020,01/23/2021,Massachusetts,Count of COVID-19 deaths,8170,796,,320,,747,123,One or more data cells have counts between 1-9 and have been suppressed in accordance with NCHS confidentiality standards.
01/27/2021,01/01/2020,01/23/2021,Massachusetts,Distribution of COVID-19 deaths (%),80.4,7.8,,3.1,,7.3,1.2,One or more data cells have counts between 1-9 and have been suppressed in accordance with NCHS confidentiality standards.
01/27/2021,01/01/2020,01/23/2021,Massachusetts,Unweighted distribution of population (%),71.1,7.3,0.2,7.1,0,12.4,1.9,
01/27/2021,01/01/2020,01/23/2021,Massachusetts,Weighted distribution of population (%),68.7,7.6,0.2,8.8,0,12.8,1.9,
01/27/2021,01/01/2020,01/23/2021,Michigan,Count of COVID-19 deaths,8109,2963,44,106,,396,132,One or more data cells have counts between 1-9 and have been suppressed in accordance with NCHS confidentiality standards.
01/27/2021,01/01/2020,01/23/2021,Michigan,Distribution of COVID-19 deaths (%),69,25.2,0.4,0.9,,3.4,1.1,One or more data cells have counts between 1-9 and have been suppressed in accordance with NCHS confidentiality standards.
01/27/2021,01/01/2020,01/23/2021,Michigan,Unweighted distribution of population (%),74.7,13.8,0.6,3.3,0,5.3,2.3,
01/27/2021,01/01/2020,01/23/2021,Michigan,Weighted distribution of population (%),61.2,26,0.3,4.7,0,5.5,2.3,
01/27/2021,01/01/2020,01/23/2021,Minnesota,Count of COVID-19 deaths,5059,291,78,214,,164,24,One or more data cells have counts between 1-9 and have been suppressed in accordance with NCHS confidentiality standards.
01/27/2021,01/01/2020,01/23/2021,Minnesota,Distribution of COVID-19 deaths (%),86.8,5,1.3,3.7,,2.8,0.4,One or more data cells have counts between 1-9 and have been suppressed in accordance with NCHS confidentiality standards.
01/27/2021,01/01/2020,01/23/2021,Minnesota,Unweighted distribution of population (%),79.1,6.8,1.1,5.1,0.1,5.6,2.3,
01/27/2021,01/01/2020,01/23/2021,Minnesota,Weighted distribution of population (%),69.4,12.1,0.7,8.2,0,6.7,2.9,
01/27/2021,01/01/2020,01/23/2021,Mississippi,Count of COVID-19 deaths,2734,2033,90,24,,47,,One or more data cells have counts between 1-9 and have been suppressed in accordance with NCHS confidentiality standards.
01/27/2021,01/01/2020,01/23/2021,Mississippi,Distribution of COVID-19 deaths (%),55.4,41.2,1.8,0.5,,1,,One or more data cells have counts between 1-9 and have been suppressed in accordance with NCHS confidentiality standards.
01/27/2021,01/01/2020,01/23/2021,Mississippi,Unweighted distribution of population (%),56.4,37.4,0.5,1.1,0,3.4,1.2,
01/27/2021,01/01/2020,01/23/2021,Mississippi,Weighted distribution of population (%),46.7,47.6,0.2,1.2,0,3,1.2,
01/27/2021,01/01/2020,01/23/2021,Missouri,Count of COVID-19 deaths,6421,911,28,74,10,164,32,
01/27/2021,01/01/2020,01/23/2021,Missouri,Distribution of COVID-19 deaths (%),84,11.9,0.4,1,0.1,2.1,0.4,
01/27/2021,01/01/2020,01/23/2021,Missouri,Unweighted distribution of population (%),79.1,11.6,0.4,2.1,0.1,4.4,2.2,
01/27/2021,01/01/2020,01/23/2021,Missouri,Weighted distribution of population (%),68.3,21.1,0.3,3.7,0.1,4.3,2.3,
01/27/2021,01/01/2020,01/23/2021,Montana,Count of COVID-19 deaths,917,,231,,,29,,One or more data cells have counts between 1-9 and have been suppressed in accordance with NCHS confidentiality standards.
01/27/2021,01/01/2020,01/23/2021,Montana,Distribution of COVID-19 deaths (%),76.8,,19.3,,,2.4,,One or more data cells have counts between 1-9 and have been suppressed in accordance with NCHS confidentiality standards.
01/27/2021,01/01/2020,01/23/2021,Montana,Unweighted distribution of population (%),85.9,0.5,6.1,0.9,0.1,4.1,2.5,
01/27/2021,01/01/2020,01/23/2021,Montana,Weighted distribution of population (%),86.9,0.7,3.8,0.9,0.1,4.9,2.7,
01/27/2021,01/01/2020,01/23/2021,Nebraska,Count of COVID-19 deaths,1874,75,13,15,0,180,,One or more data cells have counts between 1-9 and have been suppressed in accordance with NCHS confidentiality standards.
01/27/2021,01/01/2020,01/23/2021,Nebraska,Distribution of COVID-19 deaths (%),86.5,3.5,0.6,0.7,0,8.3,,One or more data cells have counts between 1-9 and have been suppressed in accordance with NCHS confidentiality standards.
01/27/2021,01/01/2020,01/23/2021,Nebraska,Unweighted distribution of population (%),78.2,4.9,0.8,2.7,0.1,11.4,1.9,
01/27/2021,01/01/2020,01/23/2021,Nebraska,Weighted distribution of population (%),71.5,9.2,0.5,4.1,0.1,12.2,2.4,
01/27/2021,01/01/2020,01/23/2021,Nevada,Count of COVID-19 deaths,1642,333,37,377,29,907,17,
01/27/2021,01/01/2020,01/23/2021,Nevada,Distribution of COVID-19 deaths (%),49.1,10,1.1,11.3,0.9,27.1,0.5,
01/27/2021,01/01/2020,01/23/2021,Nevada,Unweighted distribution of population (%),48.2,9.3,0.9,8.3,0.6,29.2,3.5,
01/27/2021,01/01/2020,01/23/2021,Nevada,Weighted distribution of population (%),42.5,11.5,0.5,9.7,0.7,31.4,3.8,
01/27/2021,01/01/2020,01/23/2021,New Hampshire,Count of COVID-19 deaths,833,10,0,11,0,23,,One or more data cells have counts between 1-9 and have been suppressed in accordance with NCHS confidentiality standards.
01/27/2021,01/01/2020,01/23/2021,New Hampshire,Distribution of COVID-19 deaths (%),94.6,1.1,0,1.2,0,2.6,,One or more data cells have counts between 1-9 and have been suppressed in accordance with NCHS confidentiality standards.
01/27/2021,01/01/2020,01/23/2021,New Hampshire,Unweighted distribution of population (%),89.8,1.5,0.2,2.9,0,4,1.6,
01/27/2021,01/01/2020,01/23/2021,New Hampshire,Weighted distribution of population (%),85.8,2.2,0.2,3.9,0,6.2,1.7,
01/27/2021,01/01/2020,01/23/2021,New Jersey,Count of COVID-19 deaths,10102,3021,14,1104,,3769,65,One or more data cells have counts between 1-9 and have been suppressed in accordance with NCHS confidentiality standards.
01/27/2021,01/01/2020,01/23/2021,New Jersey,Distribution of COVID-19 deaths (%),55.9,16.7,0.1,6.1,,20.8,0.4,One or more data cells have counts between 1-9 and have been suppressed in accordance with NCHS confidentiality standards.
01/27/2021,01/01/2020,01/23/2021,New Jersey,Unweighted distribution of population (%),54.6,12.9,0.1,9.8,0,20.9,1.6,
01/27/2021,01/01/2020,01/23/2021,New Jersey,Weighted distribution of population (%),49.8,14.3,0.1,11.5,0,22.7,1.5,
01/27/2021,01/01/2020,01/23/2021,New Mexico,Count of COVID-19 deaths,695,30,769,16,,903,,One or more data cells have counts between 1-9 and have been suppressed in accordance with NCHS confidentiality standards.
01/27/2021,01/01/2020,01/23/2021,New Mexico,Distribution of COVID-19 deaths (%),28.7,1.2,31.8,0.7,,37.3,,One or more data cells have counts between 1-9 and have been suppressed in accordance with NCHS confidentiality standards.
01/27/2021,01/01/2020,01/23/2021,New Mexico,Unweighted distribution of population (%),36.8,1.9,8.8,1.6,0.1,49.3,1.5,
01/27/2021,01/01/2020,01/23/2021,New Mexico,Weighted distribution of population (%),37.3,2.3,6.7,2.3,0.1,49.5,1.8,
01/27/2021,01/01/2020,01/23/2021,New York,Count of COVID-19 deaths,11767,2152,39,556,,2139,97,One or more data cells have counts between 1-9 and have been suppressed in accordance with NCHS confidentiality standards.
01/27/2021,01/01/2020,01/23/2021,New York,Distribution of COVID-19 deaths (%),70.2,12.8,0.2,3.3,,12.8,0.6,One or more data cells have counts between 1-9 and have been suppressed in accordance with NCHS confidentiality standards.
01/27/2021,01/01/2020,01/23/2021,New York,Unweighted distribution of population (%),72.6,8.9,0.3,4.4,0,11.9,1.8,
01/27/2021,01/01/2020,01/23/2021,New York,Weighted distribution of population (%),63.4,10.8,0.2,6.5,0,17.5,1.6,
01/27/2021,01/01/2020,01/23/2021,New York City,Count of COVID-19 deaths,6233,6366,,2282,,6906,929,One or more data cells have counts between 1-9 and have been suppressed in accordance with NCHS confidentiality standards.
01/27/2021,01/01/2020,01/23/2021,New York City,Distribution of COVID-19 deaths (%),27.4,28,,10,,30.4,4.1,One or more data cells have counts between 1-9 and have been suppressed in accordance with NCHS confidentiality standards.
01/27/2021,01/01/2020,01/23/2021,New York City,Unweighted distribution of population (%),32.2,21.9,0.2,14.7,0.1,29.1,1.8,
01/27/2021,01/01/2020,01/23/2021,New York City,Weighted distribution of population (%),31.1,23.1,0.2,15.4,0.1,28.2,1.9,
01/27/2021,01/01/2020,01/23/2021,North Carolina,Count of COVID-19 deaths,2131,1130,44,58,,313,,One or more data cells have counts between 1-9 and have been suppressed in accordance with NCHS confidentiality standards.
01/27/2021,01/01/2020,01/23/2021,North Carolina,Distribution of COVID-19 deaths (%),57.8,30.6,1.2,1.6,,8.5,,One or more data cells have counts between 1-9 and have been suppressed in accordance with NCHS confidentiality standards.
01/27/2021,01/01/2020,01/23/2021,North Carolina,Unweighted distribution of population (%),62.6,21.4,1.1,3.1,0.1,9.8,2,
01/27/2021,01/01/2020,01/23/2021,North Carolina,Weighted distribution of population (%),55.1,25.7,0.6,5.2,0.1,11.2,2.1,
01/27/2021,01/01/2020,01/23/2021,North Dakota,Count of COVID-19 deaths,1260,10,118,,0,25,12,One or more data cells have counts between 1-9 and have been suppressed in accordance with NCHS confidentiality standards.
01/27/2021,01/01/2020,01/23/2021,North Dakota,Distribution of COVID-19 deaths (%),88.2,0.7,8.3,,0,1.7,0.8,One or more data cells have counts between 1-9 and have been suppressed in accordance with NCHS confidentiality standards.
01/27/2021,01/01/2020,01/23/2021,North Dakota,Unweighted distribution of population (%),83.7,3.3,5.1,1.6,0.1,4.1,2.1,
01/27/2021,01/01/2020,01/23/2021,North Dakota,Weighted distribution of population (%),84.9,5,2.1,2.6,0.1,3.3,2,
01/27/2021,01/01/2020,01/23/2021,Ohio,Count of COVID-19 deaths,10872,1570,,129,,207,18,One or more data cells have counts between 1-9 and have been suppressed in accordance with NCHS confidentiality standards.
01/27/2021,01/01/2020,01/23/2021,Ohio,Distribution of COVID-19 deaths (%),84.9,12.3,,1,,1.6,0.1,One or more data cells have counts between 1-9 and have been suppressed in accordance with NCHS confidentiality standards.
01/27/2021,01/01/2020,01/23/2021,Ohio,Unweighted distribution of population (%),78.4,12.7,0.2,2.5,0,4,2.2,
01/27/2021,01/01/2020,01/23/2021,Ohio,Weighted distribution of population (%),66.2,22.4,0.2,3.5,0,5.1,2.4,
01/27/2021,01/01/2020,01/23/2021,Oklahoma,Count of COVID-19 deaths,3133,261,431,56,17,256,97,
01/27/2021,01/01/2020,01/23/2021,Oklahoma,Distribution of COVID-19 deaths (%),73.7,6.1,10.1,1.3,0.4,6,2.3,
01/27/2021,01/01/2020,01/23/2021,Oklahoma,Unweighted distribution of population (%),65,7.4,8.4,2.3,0.2,11.1,5.7,
01/27/2021,01/01/2020,01/23/2021,Oklahoma,Weighted distribution of population (%),58.8,12.6,4.6,3.5,0.1,15.4,5.1,
01/27/2021,01/01/2020,01/23/2021,Oregon,Count of COVID-19 deaths,1124,31,31,61,13,181,12,
01/27/2021,01/01/2020,01/23/2021,Oregon,Distribution of COVID-19 deaths (%),77.4,2.1,2.1,4.2,0.9,12.5,0.8,
01/27/2021,01/01/2020,01/23/2021,Oregon,Unweighted distribution of population (%),75.1,2,1.1,4.7,0.4,13.4,3.3,
01/27/2021,01/01/2020,01/23/2021,Oregon,Weighted distribution of population (%),70.2,3.8,0.8,7.2,0.6,13.8,3.7,
01/27/2021,01/01/2020,01/23/2021,Pennsylvania,Count of COVID-19 deaths,14094,2400,,349,0,777,34,One or more data cells have counts between 1-9 and have been suppressed in accordance with NCHS confidentiality standards.
01/27/2021,01/01/2020,01/23/2021,Pennsylvania,Distribution of COVID-19 deaths (%),79.8,13.6,,2,0,4.4,0.2,One or more data cells have counts between 1-9 and have been suppressed in accordance with NCHS confidentiality standards.
01/27/2021,01/01/2020,01/23/2021,Pennsylvania,Unweighted distribution of population (%),75.7,10.9,0.1,3.7,0,7.8,1.7,
01/27/2021,01/01/2020,01/23/2021,Pennsylvania,Weighted distribution of population (%),62.2,20.3,0.2,5.7,0,9.8,1.9,
01/27/2021,01/01/2020,01/23/2021,Rhode Island,Count of COVID-19 deaths,1395,93,,31,,146,,One or more data cells have counts between 1-9 and have been suppressed in accordance with NCHS confidentiality standards.
01/27/2021,01/01/2020,01/23/2021,Rhode Island,Distribution of COVID-19 deaths (%),83.3,5.6,,1.9,,8.7,,One or more data cells have counts between 1-9 and have been suppressed in accordance with NCHS confidentiality standards.
01/27/2021,01/01/2020,01/23/2021,Rhode Island,Unweighted distribution of population (%),71.4,6.1,0.4,3.6,0.1,16.3,2.1,
01/27/2021,01/01/2020,01/23/2021,Rhode Island,Weighted distribution of population (%),61.3,8.5,0.4,4.3,0.1,23,2.3,
01/27/2021,01/01/2020,01/23/2021,South Carolina,Count of COVID-19 deaths,3265,1838,14,42,,139,,One or more data cells have counts between 1-9 and have been suppressed in accordance with NCHS confidentiality standards.
01/27/2021,01/01/2020,01/23/2021,South Carolina,Distribution of COVID-19 deaths (%),61.5,34.6,0.3,0.8,,2.6,,One or more data cells have counts between 1-9 and have been suppressed in accordance with NCHS confidentiality standards.
01/27/2021,01/01/2020,01/23/2021,South Carolina,Unweighted distribution of population (%),63.7,26.4,0.4,1.8,0.1,6,1.8,
01/27/2021,01/01/2020,01/23/2021,South Carolina,Weighted distribution of population (%),64,25.3,0.3,2.1,0.1,6.5,1.8,
01/27/2021,01/01/2020,01/23/2021,South Dakota,Count of COVID-19 deaths,1374,,177,18,0,19,,One or more data cells have counts between 1-9 and have been suppressed in accordance with NCHS confidentiality standards.
01/27/2021,01/01/2020,01/23/2021,South Dakota,Distribution of COVID-19 deaths (%),86,,11.1,1.1,0,1.2,,One or more data cells have counts between 1-9 and have been suppressed in accordance with NCHS confidentiality standards.
01/27/2021,01/01/2020,01/23/2021,South Dakota,Unweighted distribution of population (%),82.8,2.2,7,1.5,0.1,4.2,2.2,
01/27/2021,01/01/2020,01/23/2021,South Dakota,Weighted distribution of population (%),82.3,5,3.3,1.9,0,5,2.4,
01/27/2021,01/01/2020,01/23/2021,Tennessee,Count of COVID-19 deaths,5967,1368,,45,,237,13,One or more data cells have counts between 1-9 and have been suppressed in accordance with NCHS confidentiality standards.
01/27/2021,01/01/2020,01/23/2021,Tennessee,Distribution of COVID-19 deaths (%),78.1,17.9,,0.6,,3.1,0.2,One or more data cells have counts between 1-9 and have been suppressed in accordance with NCHS confidentiality standards.
01/27/2021,01/01/2020,01/23/2021,Tennessee,Unweighted distribution of population (%),73.5,16.7,0.3,1.9,0.1,5.7,1.8,
01/27/2021,01/01/2020,01/23/2021,Tennessee,Weighted distribution of population (%),56.4,31.2,0.2,2.9,0,7.3,1.9,
01/27/2021,01/01/2020,01/23/2021,Texas,Count of COVID-19 deaths,11557,2986,51,577,18,14854,44,
01/27/2021,01/01/2020,01/23/2021,Texas,Distribution of COVID-19 deaths (%),38.4,9.9,0.2,1.9,0.1,49.4,0.1,
01/27/2021,01/01/2020,01/23/2021,Texas,Unweighted distribution of population (%),41.2,12.1,0.3,5,0.1,39.7,1.5,
01/27/2021,01/01/2020,01/23/2021,Texas,Weighted distribution of population (%),30.7,15.1,0.2,5.8,0.1,46.7,1.4,
01/27/2021,01/01/2020,01/23/2021,Utah,Count of COVID-19 deaths,1092,14,67,45,53,252,11,
01/27/2021,01/01/2020,01/23/2021,Utah,Distribution of COVID-19 deaths (%),71.2,0.9,4.4,2.9,3.5,16.4,0.7,
01/27/2021,01/01/2020,01/23/2021,Utah,Unweighted distribution of population (%),77.8,1.2,0.9,2.5,1,14.4,2.1,
01/27/2021,01/01/2020,01/23/2021,Utah,Weighted distribution of population (%),72.9,1.6,0.6,3.8,1.4,17.4,2.3,
01/27/2021,01/01/2020,01/23/2021,Vermont,Count of COVID-19 deaths,116,,,,0,0,0,One or more data cells have counts between 1-9 and have been suppressed in accordance with NCHS confidentiality standards.
01/27/2021,01/01/2020,01/23/2021,Vermont,Distribution of COVID-19 deaths (%),97.5,,,,0,0,0,One or more data cells have counts between 1-9 and have been suppressed in accordance with NCHS confidentiality standards.
01/27/2021,01/01/2020,01/23/2021,Vermont,Unweighted distribution of population (%),92.6,1.3,0.3,1.9,0,2,1.8,
01/27/2021,01/01/2020,01/23/2021,Vermont,Weighted distribution of population (%),89.3,2.1,0.2,3.9,0,2.3,2.1,
01/27/2021,01/01/2020,01/23/2021,Virginia,Count of COVID-19 deaths,3823,1430,,228,0,471,31,One or more data cells have counts between 1-9 and have been suppressed in accordance with NCHS confidentiality standards.
01/27/2021,01/01/2020,01/23/2021,Virginia,Distribution of COVID-19 deaths (%),63.8,23.9,,3.8,0,7.9,0.5,One or more data cells have counts between 1-9 and have been suppressed in accordance with NCHS confidentiality standards.
01/27/2021,01/01/2020,01/23/2021,Virginia,Unweighted distribution of population (%),61.2,19.1,0.3,6.8,0.1,9.8,2.7,
01/27/2021,01/01/2020,01/23/2021,Virginia,Weighted distribution of population (%),52.8,17,0.2,13.3,0.1,13.5,3.1,
01/27/2021,01/01/2020,01/23/2021,Washington,Count of COVID-19 deaths,2510,120,92,248,58,458,39,
01/27/2021,01/01/2020,01/23/2021,Washington,Distribution of COVID-19 deaths (%),71.2,3.4,2.6,7,1.6,13,1.1,
01/27/2021,01/01/2020,01/23/2021,Washington,Unweighted distribution of population (%),67.5,4,1.3,9.3,0.7,13,4.1,
01/27/2021,01/01/2020,01/23/2021,Washington,Weighted distribution of population (%),61.7,5.8,0.8,15.4,0.8,11,4.5,
01/27/2021,01/01/2020,01/23/2021,West Virginia,Count of COVID-19 deaths,1128,38,,,0,,,One or more data cells have counts between 1-9 and have been suppressed in accordance with NCHS confidentiality standards.
01/27/2021,01/01/2020,01/23/2021,West Virginia,Distribution of COVID-19 deaths (%),96.2,3.2,,,0,,,One or more data cells have counts between 1-9 and have been suppressed in accordance with NCHS confidentiality standards.
01/27/2021,01/01/2020,01/23/2021,West Virginia,Unweighted distribution of population (%),92,3.5,0.2,0.8,0,1.7,1.7,
01/27/2021,01/01/2020,01/23/2021,West Virginia,Weighted distribution of population (%),89.3,5.5,0.2,1.3,0,1.6,2.2,
01/27/2021,01/01/2020,01/23/2021,Wisconsin,Count of COVID-19 deaths,5235,393,77,103,,322,,One or more data cells have counts between 1-9 and have been suppressed in accordance with NCHS confidentiality standards.
01/27/2021,01/01/2020,01/23/2021,Wisconsin,Distribution of COVID-19 deaths (%),85.2,6.4,1.3,1.7,,5.2,,One or more data cells have counts between 1-9 and have been suppressed in accordance with NCHS confidentiality standards.
01/27/2021,01/01/2020,01/23/2021,Wisconsin,Unweighted distribution of population (%),80.9,6.4,0.9,3,0,7.1,1.7,
01/27/2021,01/01/2020,01/23/2021,Wisconsin,Weighted distribution of population (%),66.4,15.4,0.6,4.2,0,11.3,2.1,
01/27/2021,01/01/2020,01/23/2021,Wyoming,Count of COVID-19 deaths,355,,38,,0,39,,One or more data cells have counts between 1-9 and have been suppressed in accordance with NCHS confidentiality standards.
01/27/2021,01/01/2020,01/23/2021,Wyoming,Distribution of COVID-19 deaths (%),80.7,,8.6,,0,8.9,,One or more data cells have counts between 1-9 and have been suppressed in accordance with NCHS confidentiality standards.
01/27/2021,01/01/2020,01/23/2021,Wyoming,Unweighted distribution of population (%),83.7,1.1,2.1,1.1,0.1,10.1,1.8,
01/27/2021,01/01/2020,01/23/2021,Wyoming,Weighted distribution of population (%),82.7,1.4,2.1,1,0.1,10.8,2,
